HasMod,ModPHOS,ModDEAM,ModCITR,ModACET,ModMCM,ModCount,SeqLength,LogLength,Sequence,BaseSeq,Annotation,FinalLabel,Position1Based,OriginalResidue,MutatedResidue,OriginalProbability,MutatedProbability,ProbabilityDrop
0,0,0,0,0,0,0,12,2.5649493574615367,ALRAVESYLLAH,ALRAVESYLLAH,,1,1,L,A,0.9564377538621102,0.9154994685735164,0.04093828528859378
0,0,0,0,0,0,0,12,2.5649493574615367,LARAVESYLLAH,LARAVESYLLAH,,1,2,L,A,0.9564377538621102,0.9436914311814963,0.01274632268061382
0,0,0,0,0,0,0,12,2.5649493574615367,LLAAVESYLLAH,LLAAVESYLLAH,,1,3,R,A,0.9564377538621102,0.9150521491593377,0.041385604702772416
0,0,0,0,0,0,0,12,2.5649493574615367,LLRGVESYLLAH,LLRGVESYLLAH,,1,4,A,G,0.9564377538621102,0.9543199475450241,0.002117806317086024
0,0,0,0,0,0,0,12,2.5649493574615367,LLRAAESYLLAH,LLRAAESYLLAH,,1,5,V,A,0.9564377538621102,0.9424969495200273,0.013940804342082891
0,0,0,0,0,0,0,12,2.5649493574615367,LLRAVASYLLAH,LLRAVASYLLAH,,1,6,E,A,0.9564377538621102,0.9208474718805983,0.03559028198151182
0,0,0,0,0,0,0,12,2.5649493574615367,LLRAVEAYLLAH,LLRAVEAYLLAH,,1,7,S,A,0.9564377538621102,0.9322864400719194,0.024151313790190754
0,0,0,0,0,0,0,12,2.5649493574615367,LLRAVESALLAH,LLRAVESALLAH,,1,8,Y,A,0.9564377538621102,0.9362517323744259,0.020186021487684225
0,0,0,0,0,0,0,12,2.5649493574615367,LLRAVESYALAH,LLRAVESYALAH,,1,9,L,A,0.9564377538621102,0.9232567413165618,0.033181012545548394
0,0,0,0,0,0,0,12,2.5649493574615367,LLRAVESYLAAH,LLRAVESYLAAH,,1,10,L,A,0.9564377538621102,0.9272482061171414,0.029189547744968736
0,0,0,0,0,0,0,12,2.5649493574615367,LLRAVESYLLGH,LLRAVESYLLGH,,1,11,A,G,0.9564377538621102,0.9464506692139166,0.009987084648193534
0,0,0,0,0,0,0,12,2.5649493574615367,LLRAVESYLLAA,LLRAVESYLLAA,,1,12,H,A,0.9564377538621102,0.9297527834382558,0.026684970423854315
