VariantName,VariantLabel,EvaluationSplit,ThresholdKey,ThresholdLabel,ThresholdValue,RocAuc,PrecisionRecallAuc,MatthewsCorrcoef,Accuracy,BalancedAccuracy,Precision,RecallSensitivity,Specificity,F1Score,F2Score,TrueNegative,FalsePositive,FalseNegative,TruePositive
esm_only,ESM-only stacking,TrainOOF,default_0p5,Default threshold 0.5,0.5,0.8289357852995097,0.6949836585863626,0.5172696268673941,0.7644757433489828,0.768755199121298,0.631768953068592,0.7829977628635347,0.7545126353790613,0.6993006993006993,0.7472245943637916,627,204,97,350
esm_only,ESM-only stacking,TrainOOF,best_mcc_on_train_oof,Best MCC threshold from train OOF,0.6027088761329651,0.8289357852995097,0.6949836585863626,0.5333819281592088,0.7895148669796557,0.7642324683610755,0.7069767441860465,0.680089485458613,0.8483754512635379,0.69327251995439,0.6853020739404869,705,126,143,304
esm_only,ESM-only stacking,TrainOOF,best_f2_on_train_oof,Best F2 threshold from train OOF,0.29019707441329956,0.8289357852995097,0.6949836585863626,0.3701614293592341,0.5868544600938967,0.6719727990049993,0.4566844919786096,0.9552572706935123,0.38868832731648617,0.61794500723589,0.7840616966580977,323,508,20,427
esm_only,ESM-only stacking,IndependentTest,default_0p5,Default threshold 0.5,0.5,0.8055221389312862,0.39003241644690306,0.272782909742869,0.5887521968365553,0.7150018295601788,0.2005050505050505,0.8783185840707964,0.551685075049561,0.32648026315789475,0.5240232312565998,1948,1583,55,397
esm_only,ESM-only stacking,IndependentTest,best_mcc_on_train_oof,Best MCC threshold from train OOF,0.6027088761329651,0.8055221389312862,0.39003241644690306,0.3139301161363769,0.6638212402711524,0.7438368257882773,0.23169993950393225,0.8473451327433629,0.6403285188331918,0.363895486935867,0.5533082924010402,2261,1270,69,383
esm_only,ESM-only stacking,IndependentTest,best_f2_on_train_oof,Best F2 threshold from train OOF,0.29019707441329956,0.8055221389312862,0.39003241644690306,0.19257173331010496,0.42430328897815717,0.6425083270050601,0.1561449383638401,0.9247787610619469,0.3602378929481733,0.2671780121444551,0.4659977703455964,1272,2259,34,418
