VariantName,VariantLabel,EvaluationSplit,ThresholdKey,ThresholdLabel,ThresholdValue,RocAuc,PrecisionRecallAuc,MatthewsCorrcoef,Accuracy,BalancedAccuracy,Precision,RecallSensitivity,Specificity,F1Score,F2Score,TrueNegative,FalsePositive,FalseNegative,TruePositive
handcrafted_no_fs,ESM2 + AAC + DPC + aaIndex without feature selection,TrainOOF,default_0p5,Default threshold 0.5,0.5,0.8450735885984111,0.7004019507685266,0.5317190832509588,0.7809076682316118,0.7715697913890437,0.6686868686868687,0.7404921700223713,0.802647412755716,0.70276008492569,0.7249233464739377,667,164,116,331
handcrafted_no_fs,ESM2 + AAC + DPC + aaIndex without feature selection,TrainOOF,best_mcc_on_train_oof,Best MCC threshold from train OOF,0.44041383266448975,0.8450735885984111,0.7004019507685266,0.553181468250085,0.7809076682316118,0.787593180368118,0.6499102333931778,0.8098434004474273,0.7653429602888087,0.7211155378486056,0.7718550106609808,636,195,85,362
handcrafted_no_fs,ESM2 + AAC + DPC + aaIndex without feature selection,TrainOOF,best_f2_on_train_oof,Best F2 threshold from train OOF,0.2737639248371124,0.8450735885984111,0.7004019507685266,0.4816162202922104,0.6830985915492958,0.7439124851597897,0.5261194029850746,0.9463087248322147,0.5415162454873647,0.6762589928057554,0.8159722222222222,450,381,24,423
handcrafted_no_fs,ESM2 + AAC + DPC + aaIndex without feature selection,IndependentTest,default_0p5,Default threshold 0.5,0.5,0.7755267504254353,0.32215989724817534,0.27371524350483656,0.6178759728847603,0.7150297115560534,0.20765027322404372,0.8407079646017699,0.589351458510337,0.33304119193689746,0.5222649807586586,2081,1450,72,380
handcrafted_no_fs,ESM2 + AAC + DPC + aaIndex without feature selection,IndependentTest,best_mcc_on_train_oof,Best MCC threshold from train OOF,0.44041383266448975,0.7755267504254353,0.32215989724817534,0.25277454172045677,0.5531006778809943,0.6987525783014163,0.18826291079812207,0.8871681415929203,0.5103370150099122,0.31061192873741283,0.5091416962925343,1802,1729,51,401
handcrafted_no_fs,ESM2 + AAC + DPC + aaIndex without feature selection,IndependentTest,best_f2_on_train_oof,Best F2 threshold from train OOF,0.2737639248371124,0.7755267504254353,0.32215989724817534,0.17624865363038617,0.3738388149635953,0.6236920524407085,0.147688060731539,0.9469026548672567,0.30048145001416027,0.2555223880597015,0.4547386315342116,1061,2470,24,428
